Company,Job Title,Salary
Smart Placement (Pvt) Ltd,Junior/Intern Web Developer,No Salary
Work Work Ltd,Full Stack Developer,"Rs 40,000 - Rs 50,000 a month"
,,No Salary
,,No Salary
,,
,,No Salary
,,
,,
,,
,,
,,
,,
,,No Salary
,,
,,
Delve Health,Full Stack Developer,No Salary
Silicon Nexus,MERN Stack Lead,No Salary
,,
,,
,,No Salary
,,
,,
,,
,,No Salary
,,
,,No Salary
,,No Salary
,,
,,No Salary
,,No Salary
Crypto Express (Thailand) Co.Ltd.,C# .net winform & WPF window Application(WFH) 4-5 Hrs/Day,"Rs 30,000 - Rs 50,000 a month"
Smart Placement (Pvt) Ltd,Web Developer,No Salary
,,No Salary
,,No Salary
,,No Salary
,,
,,No Salary
,,No Salary
,,
,,
,,
,,No Salary
,,No Salary
,,
,,No Salary
Nisum,Full Stack Developer (React/Node) H3607-L,No Salary
Code Creators,Jr. Dot Net Developer - Night Shift - Remote Position,No Salary
,,No Salary
,,No Salary
,,No Salary
,,No Salary
,,
,,No Salary
,,No Salary
,,No Salary
,,No Salary
,,No Salary
,,No Salary
,,No Salary
,,
Emenac Inc,Fullstack Developer,"Rs 40,000 - Rs 70,000 a month"
Teraception,MERN Stack Developer,No Salary
,,No Salary
,,
,,
,,No Salary
,,
,,No Salary
,,No Salary
,,No Salary
,,No Salary
,,No Salary
,,No Salary
,,No Salary
,,No Salary
Techdots,Full Stack Developer(Ruby Web Developer),No Salary
Infinikorn,Ruby on Rails Developer,No Salary
,,No Salary
,,No Salary
,,No Salary
,,
,,
,,No Salary
,,No Salary
,,No Salary
,,No Salary
,,No Salary
,,No Salary
,,No Salary
,,No Salary
Smart Placement (Pvt) Ltd,(.Net) Developer,No Salary
Smart Placement (Pvt) Ltd,Ionic Developer,No Salary
,,No Salary
,,No Salary
,,
,,No Salary
,,No Salary
,,
,,No Salary
,,No Salary
,,No Salary
,,No Salary
,,No Salary
,,
,,No Salary
PureLogics,Associate Manager DevOps,No Salary
CadreSpace,Senior Full Stack Developer,No Salary
,,No Salary
,,No Salary
,,No Salary
,,
,,No Salary
,,No Salary
,,No Salary
,,No Salary
,,
,,No Salary
,,No Salary
,,No Salary
,,No Salary
HAWK LOGIX (PVT)LTD.,Angular (.NET)Developer,No Salary
Vaival technologies,Sr. Software Engineer (PHP Laravel),No Salary
